<ImportExportXml version="9.1.0.9433" SolutionPackageVersion="9.1" languagecode="1033" generatedBy="CrmLive" xmlns:xsi="http://www.w3.org/2001/XMLSchema-instance">
  <SolutionManifest>
    <UniqueName>CustomerJourney</UniqueName>
    <LocalizedNames>
      <LocalizedName description="CJTwilioSMS" languagecode="1033" />
    </LocalizedNames>
    <Descriptions />
    <Version>1.0.0.0</Version>
    <Managed>0</Managed>
    <Publisher>
      <UniqueName>pavelkoval</UniqueName>
      <LocalizedNames>
        <LocalizedName description="Pavel Koval" languagecode="1033" />
      </LocalizedNames>
      <Descriptions />
      <EMailAddress xsi:nil="true"></EMailAddress>
      <SupportingWebsiteUrl xsi:nil="true"></SupportingWebsiteUrl>
      <CustomizationPrefix>pk</CustomizationPrefix>
      <CustomizationOptionValuePrefix>82139</CustomizationOptionValuePrefix>
      <Addresses>
        <Address>
          <AddressNumber>1</AddressNumber>
          <AddressTypeCode>1</AddressTypeCode>
          <City xsi:nil="true"></City>
          <County xsi:nil="true"></County>
          <Country xsi:nil="true"></Country>
          <Fax xsi:nil="true"></Fax>
          <FreightTermsCode xsi:nil="true"></FreightTermsCode>
          <ImportSequenceNumber xsi:nil="true"></ImportSequenceNumber>
          <Latitude xsi:nil="true"></Latitude>
          <Line1 xsi:nil="true"></Line1>
          <Line2 xsi:nil="true"></Line2>
          <Line3 xsi:nil="true"></Line3>
          <Longitude xsi:nil="true"></Longitude>
          <Name xsi:nil="true"></Name>
          <PostalCode xsi:nil="true"></PostalCode>
          <PostOfficeBox xsi:nil="true"></PostOfficeBox>
          <PrimaryContactName xsi:nil="true"></PrimaryContactName>
          <ShippingMethodCode>1</ShippingMethodCode>
          <StateOrProvince xsi:nil="true"></StateOrProvince>
          <Telephone1 xsi:nil="true"></Telephone1>
          <Telephone2 xsi:nil="true"></Telephone2>
          <Telephone3 xsi:nil="true"></Telephone3>
          <TimeZoneRuleVersionNumber xsi:nil="true"></TimeZoneRuleVersionNumber>
          <UPSZone xsi:nil="true"></UPSZone>
          <UTCOffset xsi:nil="true"></UTCOffset>
          <UTCConversionTimeZoneCode xsi:nil="true"></UTCConversionTimeZoneCode>
        </Address>
        <Address>
          <AddressNumber>2</AddressNumber>
          <AddressTypeCode>1</AddressTypeCode>
          <City xsi:nil="true"></City>
          <County xsi:nil="true"></County>
          <Country xsi:nil="true"></Country>
          <Fax xsi:nil="true"></Fax>
          <FreightTermsCode xsi:nil="true"></FreightTermsCode>
          <ImportSequenceNumber xsi:nil="true"></ImportSequenceNumber>
          <Latitude xsi:nil="true"></Latitude>
          <Line1 xsi:nil="true"></Line1>
          <Line2 xsi:nil="true"></Line2>
          <Line3 xsi:nil="true"></Line3>
          <Longitude xsi:nil="true"></Longitude>
          <Name xsi:nil="true"></Name>
          <PostalCode xsi:nil="true"></PostalCode>
          <PostOfficeBox xsi:nil="true"></PostOfficeBox>
          <PrimaryContactName xsi:nil="true"></PrimaryContactName>
          <ShippingMethodCode>1</ShippingMethodCode>
          <StateOrProvince xsi:nil="true"></StateOrProvince>
          <Telephone1 xsi:nil="true"></Telephone1>
          <Telephone2 xsi:nil="true"></Telephone2>
          <Telephone3 xsi:nil="true"></Telephone3>
          <TimeZoneRuleVersionNumber xsi:nil="true"></TimeZoneRuleVersionNumber>
          <UPSZone xsi:nil="true"></UPSZone>
          <UTCOffset xsi:nil="true"></UTCOffset>
          <UTCConversionTimeZoneCode xsi:nil="true"></UTCConversionTimeZoneCode>
        </Address>
      </Addresses>
    </Publisher>
    <RootComponents>
      <RootComponent type="1" schemaName="pk_smsaction" behavior="0" />
      <RootComponent type="1" schemaName="pk_twilioincommingsms" behavior="0" />
      <RootComponent type="1" schemaName="pk_twiliosmstemplate" behavior="0" />
      <RootComponent type="60" id="{1d5fd689-beab-4787-b3e0-ca027f57c04c}" behavior="0" />
      <RootComponent type="60" id="{9177a961-28ae-42dc-b977-eaa362f29f30}" behavior="0" />
      <RootComponent type="60" id="{b30a2e9f-120c-4c33-9326-163bc502c642}" behavior="0" />
      <RootComponent type="60" id="{f78cb652-1d2a-4737-a0a0-fef55e92082b}" behavior="0" />
      <RootComponent type="61" schemaName="pk_TwilioSMSCustomerJourneyDesignerTileConfig.css" behavior="0" />
      <RootComponent type="61" schemaName="pk_TwilioSMSCustomerJourneyDesignerTileConfig.xml" behavior="0" />
      <RootComponent type="91" id="{cab5c98c-34b6-4add-8b97-338cf78430bb}" schemaName="CJTwilioTile.Plugins, Version=1.0.7051.25997, Culture=neutral, PublicKeyToken=f2902d105a97c5c3" behavior="0" />
      <RootComponent type="92" id="{63f743a1-7a63-e911-a96f-000d3ab98726}" behavior="0" />
    </RootComponents>
    <MissingDependencies>
      <MissingDependency>
        <Required key="0" type="1" schemaName="msdyncrm_customerjourneycustomchannelactivity" displayName="Custom channel activity" solution="MicrosoftDynamics_Marketing (1.35.1026.0)" />
        <Dependent key="1" type="92" id="{63f743a1-7a63-e911-a96f-000d3ab98726}" />
      </MissingDependency>
    </MissingDependencies>
  </SolutionManifest>
</ImportExportXml>